95 Heck St, Lynn, AL, 35575
1552 Monterey Pl, Mobile, AL, 36604
619 Ouachita 65, Camden, AR, 71701
1175 Lafayette 9, Bradley, AR, 71826
1001 Union St, Jonesboro, AR, 72401
312 S Reeves St, Monette, AR, 72447
3901 W Pioneer Rd, Phoenix, AZ, 85086
26 Sowles Ave, Bisbee, AZ, 85603
113 E Safford St, Tombstone, AZ, 85638
2000 Slaughter House Canyon Rd, Kingman, AZ, 86401
5121 Franklin Ave, Los Angeles, CA, 90027
2475 Glendower Pl, Los Angeles, CA, 90027
421 N Ave 19, Los Angeles, CA, 90031
2400 Laurel Canyon Blvd, Los Angeles, CA, 90046
8763 Wonderland Ave, Los Angeles, CA, 90046
8433 Sunset Blvd, Los Angeles, CA, 90069
1005 N Rexford Dr, Beverly Hills, CA, 90210
11547 Braddock Dr, Culver City, CA, 90230
480 Fourth Ave, San Diego, CA, 92101
1500 Orange Ave, Coronado, CA, 92118
2541 Paso Robles St, Oceano, CA, 93445
2090 Jackson St, San Francisco, CA, 94109
1000 Lombard St, San Francisco, CA, 94109
1990 California St, San Francisco, CA, 94109
2220 Sacramento St, San Francisco, CA, 94115
6114 California St, San Francisco, CA, 94121
46958 Zapotec Dr, Fremont, CA, 94539
17110 Bodega Ln, Bodega, CA, 94922
223 N Oregon St, Yreka, CA, 96097
420 E 11th Ave, Denver, CO, 80203
31 S Main St, East Windsor, CT, 06088
77 Forest St, Hartford, CT, 06105
5 Schoolhouse Crossing, Wethersfield, CT, 06109
2A Hampton Rd, Pomfret Center, CT, 06259
152 Lynn Dr, Monroe, CT, 06468
208 Meriden Ave, Southington, CT, 06489
216 Gunntown Rd, Naugatuck, CT, 06770
93 Main St, Torrington, CT, 06790
401f Street NW, Washington, DC, 20001
2201 North Capitol St NE, Washington, DC, 20002
1321 Pennsylvania Ave NW, Washington, DC, 20004
3400 Prospect St NW, Washington, DC, 20007
2020 Massachusetts Ave NW, Washington, DC, 20036
2600 M St NW, Washington, DC, 20037
1600 Pennsylvania Ave NW, Washington, DC, 20500
1600 Pennsylvania Ave NW, Washington, DC, 20500
530 E Cape Shores Dr, Lewes, DE, 19958
1320 N 14th St, Fernandina Beach, FL, 32034
1307 N Beach St, Ormond Beach, FL, 32174
1500 Winter Springs Blvd, Winter Springs, FL, 32708
3592 Kayla Cir, Oviedo, FL, 32765
401 Duval St, Key West, FL, 33040
534 Eaton St, Key West, FL, 33040
403 Cleveland St, Clearwater, FL, 33755
5700 Oakview Ln, Punta Gorda, FL, 33950
5340 Jones Rd, St Cloud, FL, 34771
992 Ridge Ave, Stone Mountain, GA, 30083
416 Yorkhouse Rd, Rabun Gap, GA, 30568
436 Greensboro Rd, Eatonton, GA, 31024
400 N Madison Ave, Eatonton, GA, 31024
151 Main St, Irwinton, GA, 31042
934 Georgia Ave, Macon, GA, 31201
107 E Broughton St, Savannah, GA, 31401
14 E Oglethorpe Ave, Savannah, GA, 31401
429 Bull St, Savannah, GA, 31401
32 Abercorn St, Savannah, GA, 31401
123 Habersham St, Savannah, GA, 31401
102 W Hall St, Savannah, GA, 31401
21 W Bay St, Savannah, GA, 31401
225 E Bay St, Savannah, GA, 31401
234 Martin Luther King Jr Blvd, Savannah, GA, 31401
6 W Harris St, Savannah, GA, 31401
207 W York St, Savannah, GA, 31401
Greenwich Rd, Savannah, GA, 31404
14 Jw Williams Ct, Jesup, GA, 31545
508 E 2nd St, Villisca, IA, 50864
1952 Warren Wagon Rd, McCall, ID, 83638
201 Spring St, Decatur, IL, 62522
20th St, Grand Tower, IL, 62942
3801 Madison Ave, Indianapolis, IN, 46227
442 W 700 N, Valparaiso, IN, 46385
302 E Beardsley Ave, Elkhart, IN, 46514
206 W Turnpike St, Vevay, IN, 47043
714 W Warren St, Mitchell, IN, 47446
917 Mill St, Mt Vernon, IN, 47620
503 N 2nd St, Atchison, KS, 66002
508 N 2nd St, Atchison, KS, 66002
935 Shawnee Rd, Kansas City, KS, 66103
5325 Douglas Ave, Kansas City, KS, 66106
1100 Fremont St, Manhattan, KS, 66502
SW 8th & SW Van Buren, Topeka, KS, 66612
1433 Rd P, Emporia, KS, 66801
90th St, Florence, KS, 66851
702 Oak St, El Dorado, KS, 67042
420 N Depot St, Cherryvale, KS, 67335
2211 S Pope Lick Rd, Louisville, KY, 40299
120 Sycamore Rd, Lexington, KY, 40502
201 N Mill St, Lexington, KY, 40507
370 N Broadway, Lexington, KY, 40508
3970 Dixie Hwy, Dry Ridge, KY, 41035
227 Sutton St, Maysville, KY, 41056
1300 Winchester Ave, Ashland, KY, 41101
16 Coral Hill-Halfway Rd, Glasgow, KY, 42141
2390 Grapevine Rd, Madisonville, KY, 42431
1580 Bethlehem Academy Rd, Cecilia, KY, 42724
110 Frenier Rd, Laplace, LA, 70068
621 Esplanade Ave, New Orleans, LA, 70116
1421 Bourbon St, New Orleans, LA, 70116
700 Royal St, New Orleans, LA, 70116
833 Poland Ave, New Orleans, LA, 70117
1725 St Roch Ave, New Orleans, LA, 70117
519 Chretien Point Rd, Sunset, LA, 70584
11910 Ellerbe Rd, Shreveport, LA, 71115
885 Washington Mountain Rd, Washington, MA, 01223
172 Church St, North Adams, MA, 01247
488 Brockelman Rd, Lancaster, MA, 01523
16 Old Dudley Rd, Oxford, MA, 01540
34 Eden Rd, Rockport, MA, 01966
22 Hardy St, Salem, MA, 01970
356 Lafayette St, Salem, MA, 01970
28 Howard St, Salem, MA, 01970
310 Essex St, Salem, MA, 01970
230 Playstead Rd, Medford, MA, 02155
346 Pine St, Bridgewater, MA, 02324
207 Sandwich St, Plymouth, MA, 02360
2839 Main St, Barnstable, MA, 02630
15 Breakwater Rd, Brewster, MA, 02631
2019 Main St, Brewster, MA, 02631
12402 Quintette Ln, Bowie, MD, 20720
9118 Brandywine Rd, Clinton, MD, 20735
132 Old National Pike, Hagerstown, MD, 21740
115 Ivy Hill Dr, Middletown, MD, 21769
30712 Michigan Ave, Westland, MI, 48186
7095 107th Ave, South Haven, MI, 49090
6282 143rd Ave, Holland, MI, 49423
402 N Bridge St, Bellaire, MI, 49615
2515 Tower Rd, Vanderbilt, MI, 49795
502 Fisher St, Marquette, MI, 49855
6940 Keats Ave S, Cottage Grove, MN, 55016
10 E Exchange St, St Paul, MN, 55101
1500 N Liberty St, Independence, MO, 64050
219 N Delaware St, Independence, MO, 64050
3394 N Peace Church Ave, Joplin, MO, 64801
1615 Grand Ave, Carthage, MO, 64836
212 Springfield St, Reeds, MO, 64859
1445 Harrison St, Vicksburg, MS, 39180
2243 Waynesboro Shubuta Rd, Waynesboro, MS, 39367
415 E Main St, Jamestown, NC, 27282
705 Gimghoul Rd, Chapel Hill, NC, 27514
307 Front St, Beaufort, NC, 28516
511 Broad St, New Bern, NC, 28560
341 Split Rock Rd, Boonton, NJ, 07005
178 Clinton Rd, West Caldwell, NJ, 07006
131 Mountain Rd, Basking Ridge, NJ, 07920
500 W Collings Ave, Collingswood, NJ, 08107
57 N Shore Rd, Absecon, NJ, 08201
720 Washington St, Cape May, NJ, 08204
200 Congress Pl, Cape May, NJ, 08204
1301 Beach Ave, Cape May, NJ, 08204
915 E Moss Mill Rd, Absecon, NJ, 08205
217 4th St, Fieldsboro, NJ, 08505
56 Main St, Clinton, NJ, 08809
76 Main St, Flemington, NJ, 08822
423 Central Ave NW, Albuquerque, NM, 87102
Penitentiary Rd, Santa Fe, NM, 87508
33 Black Canyon Rd, Santa Fe, NM, 87508
14 W 34th St, New York, NY, 10001
29 E 4th St, New York, NY, 10003
14 W 10th St, New York, NY, 10011
1 W 72nd St, New York, NY, 10023
1 Laveta Pl, Nyack, NY, 10960
108 Ocean Ave, Amityville, NY, 11701
135 W Gate Dr, Huntington, NY, 11743
228 Grove Ave, Patchogue, NY, 11772
1568 Clauverwie Rd, Middleburgh, NY, 12122
4 Van Wyck Ln, Wappingers Falls, NY, 12590
12 Pells Ct, Poughkeepsie, NY, 12601
609 Craigie Clair Rd, Roscoe, NY, 12776
302 Main St, Oneida, NY, 13421
4700 W Main St, Fredonia, NY, 14063
313 W 5th Ave, Columbus, OH, 43201
2678 County Line Rd, Madison, OH, 44057
3792 S Raccoon Rd, Canfield, OH, 44406
6900 Maud Hughes Rd, Liberty Township, OH, 45011
1241 Elm St, Cincinnati, OH, 45202
101 Front St, Marietta, OH, 45750
1141 Pawnee Bill Rd, Pawnee, OK, 74058
28648 SW Paris Ave, Wilsonville, OR, 97070
707 SE 12th Ave, Portland, OR, 97214
100 Front St, Wolf Creek, OR, 97497
1250 Siskiyou Blvd, Ashland, OR, 97520
20000 Caves Hwy, Cave Junction, OR, 97523
201 Main St, Klamath Falls, OR, 97601
1459 N Main St, Granite, OR, 97877
284 Nutmeg Rd, Saxton, PA, 16678
15 W Main St, Fairfield, PA, 17320
912 Baltimore Pike, Gettysburg, PA, 17325
1217 Marion St, Dunmore, PA, 18509
10 W Ferry St, New Hope, PA, 18938
6300 Hardin Rd, Bensalem, PA, 19020
321 S 4th St, Philadelphia, PA, 19106
138 S 2nd St, Philadelphia, PA, 19106
111 W Mermaid Ln, Philadelphia, PA, 19118
501 W Allens Ln, Philadelphia, PA, 19119
Pine St & 3rd St, Philadelphia, PA, 19147
1260 Thornbury Rd, West Chester, PA, 19382
1677 Round Top Rd, Burrillville, RI, 02830
191 Cedar Springs Rd, Spartanburg, SC, 29302
117 Wilson Rd, Union, SC, 29379
20 S Battery, Charleston, SC, 29401
135 Church St, Charleston, SC, 29401
114 Rutledge Ave, Charleston, SC, 29401
4 Archdale St, Charleston, SC, 29401
15 Cannon St, Georgetown, SC, 29440
921 Prince St, Georgetown, SC, 29440
3083 Charleston Hwy, Aiken, SC, 29801
1377 Gregg Hwy, Graniteville, SC, 29829
411 Craven St, Beaufort, SC, 29902
501 King St, Beaufort, SC, 29902
Center Ave, Garretson, SD, 57030
1210 2nd Ave NW, Aberdeen, SD, 57401
107 W M.L.K. Blvd, Chattanooga, TN, 37402
1311 Flanders Ln, Maryville, TN, 37803
680 Adams Ave, Memphis, TN, 38105
510 Olen St, Wichita Falls, TX, 76301
211 N Pleasant St, Hillsboro, TX, 76645
12654 Woman Hollering Rd, Schertz, TX, 78154
12538 Woman Hollering Rd, Schertz, TX, 78154
638 Fort Concho, San Antonio, TX, 78245
302 W 24th St, Austin, TX, 78712
149 Split Rail Ln, Smithville, TX, 78957
20850 Oatlands Plantation Ln, Leesburg, VA, 20175
20850 Oatlands Plantation Ln, Leesburg, VA, 20175
5914 Monticello Rd, Alexandria, VA, 22303
Haw Branch Ln, Amelia Court House, VA, 23002
4800 John Tyler Memorial Hwy, Charles City, VA, 23030
201 High St, Farmville, VA, 23901
459 Thomas Bridge Rd, Marion, VA, 24354
103 Valley Center Dr, Staunton, VA, 24401
531 Thornrose Ave, Staunton, VA, 24401
744 Clay St, Port Townsend, WA, 98368
651 Cleveland St, Port Townsend, WA, 98368
1201 Main Rd, Washington, WI, 54246
N3754 1000th St, Eau Claire, WI, 54703